{"train_runtime":86.4572,"test/accuracy":0.9591836734693877,"train/global_step":1280,"eval/runtime":0.1325,"test/samples_per_second":618.284,"_timestamp":1.7652989556933415e+09,"eval/samples_per_second":550.892,"train_loss":0.14240334890782833,"test/runtime":0.2378,"train/loss":0.07,"eval/loss":0.4099486470222473,"_wandb":{"runtime":85},"_runtime":85,"train_samples_per_second":118.209,"eval/precision":0.9583333333333334,"train_steps_per_second":14.805,"train/grad_norm":0.23332789540290833,"train/epoch":4,"test/recall":0.9795918367346939,"train/learning_rate":4.390625000000001e-06,"eval/accuracy":0.9315068493150684,"test/f1":0.9696969696969697,"test/steps_per_second":42.06,"eval/f1":0.9484536082474226,"test/precision":0.96,"_step":7,"total_flos":1.6922710178304e+14,"eval/recall":0.9387755102040817,"eval/steps_per_second":37.732,"test/loss":0.31102922558784485}