{"_step":5,"test/samples_per_second":644.556,"total_flos":3.3845420356608e+13,"test/loss":0.30005234479904175,"train_samples_per_second":89.962,"eval/steps_per_second":39.272,"eval/accuracy":0.8904109589041096,"eval/runtime":0.1273,"train_steps_per_second":11.267,"_wandb":{"runtime":22},"train/epoch":4,"train_loss":0.30692964792251587,"_runtime":22,"eval/precision":0.9019607843137255,"eval/recall":0.9387755102040817,"test/precision":0.9207920792079208,"eval/samples_per_second":573.375,"eval/loss":0.5407629013061523,"test/accuracy":0.9115646258503401,"test/f1":0.9346733668341709,"_timestamp":1.765297646347861e+09,"test/steps_per_second":43.847,"eval/f1":0.92,"test/recall":0.9489795918367347,"train/global_step":256,"train_runtime":22.7206,"test/runtime":0.2281}