{"train_steps_per_second":12.982,"eval/samples_per_second":499.066,"test/steps_per_second":31.931,"_wandb":{"runtime":41},"_timestamp":1.7653327675671082e+09,"test/f1":0.9641025641025641,"eval/accuracy":0.9178082191780822,"_step":6,"test/runtime":0.3132,"eval/recall":0.9183673469387755,"eval/f1":0.9375,"test/accuracy":0.9523809523809523,"train_samples_per_second":103.655,"eval/runtime":0.1463,"_runtime":41,"test/loss":0.21727244555950165,"train/loss":0.2425,"train_loss":0.23686155741961556,"train/epoch":4,"train/global_step":512,"train/grad_norm":1.736753225326538,"total_flos":6.7690840713216e+13,"test/samples_per_second":469.391,"eval/precision":0.9574468085106383,"train/learning_rate":5.078125000000001e-07,"test/precision":0.9690721649484536,"train_runtime":39.4385,"test/recall":0.9591836734693877,"eval/steps_per_second":34.183,"eval/loss":0.4408719837665558}