{"test/samples_per_second":618.641,"train/epoch":4,"train/learning_rate":4.390625000000001e-06,"train_runtime":85.5457,"eval/accuracy":0.9315068493150684,"_timestamp":1.7652987473447754e+09,"_wandb":{"runtime":84},"test/precision":0.9693877551020408,"_runtime":84,"eval/steps_per_second":38.172,"train_samples_per_second":119.468,"_step":7,"eval/runtime":0.131,"train/loss":0.0407,"train_loss":0.13010889142751694,"eval/f1":0.9473684210526315,"eval/loss":0.4623403251171112,"test/recall":0.9693877551020408,"test/steps_per_second":42.084,"eval/precision":0.9782608695652174,"train_steps_per_second":14.963,"total_flos":1.6922710178304e+14,"eval/samples_per_second":557.308,"test/f1":0.9693877551020408,"test/accuracy":0.9591836734693877,"test/runtime":0.2376,"train/grad_norm":121.93498992919922,"train/global_step":1280,"eval/recall":0.9183673469387755,"test/loss":0.26258376240730286}