,mean,std
accuracy,0.9115646258503401,0.016663195529137285
precision,0.9182220267325446,0.026521600507659712
recall,0.9530612244897959,0.009126808071427675
f1,0.9350790580271073,0.011344569644520243
