{"eval/precision":0.92,"eval/recall":0.9387755102040817,"test/samples_per_second":541.6,"_runtime":25,"test/accuracy":0.9387755102040817,"test/f1":0.9538461538461539,"eval/samples_per_second":562.321,"train/global_step":256,"_wandb":{"runtime":25},"test/steps_per_second":36.844,"train_runtime":21.7988,"test/precision":0.9587628865979382,"test/runtime":0.2714,"train/epoch":4,"train_loss":0.28870928287506104,"train_samples_per_second":93.767,"_step":5,"test/loss":0.2430812567472458,"eval/steps_per_second":38.515,"eval/loss":0.3941345512866974,"test/recall":0.9489795918367347,"eval/runtime":0.1298,"eval/f1":0.9292929292929293,"total_flos":3.3845420356608e+13,"eval/accuracy":0.9041095890410958,"_timestamp":1.7653324668387637e+09,"train_steps_per_second":11.744}