{"eval/samples_per_second":544.368,"train/epoch":4,"eval/runtime":0.1341,"test/f1":0.9696969696969697,"test/loss":0.31102922558784485,"eval/recall":0.9387755102040817,"train_steps_per_second":15.005,"train_samples_per_second":119.804,"eval/steps_per_second":37.285,"eval/accuracy":0.9315068493150684,"_timestamp":1.7653332953442628e+09,"test/steps_per_second":41.359,"train_loss":0.14240334890782833,"eval/precision":0.9583333333333334,"test/recall":0.9795918367346939,"test/samples_per_second":607.982,"train_runtime":85.3061,"eval/f1":0.9484536082474226,"test/runtime":0.2418,"_runtime":87,"test/accuracy":0.9591836734693877,"train/global_step":1280,"eval/loss":0.4099486470222473,"test/precision":0.96,"_wandb":{"runtime":87},"train/grad_norm":0.23332789540290833,"total_flos":1.6922710178304e+14,"train/learning_rate":4.390625000000001e-06,"train/loss":0.07,"_step":7}