{"train_samples_per_second":90.695,"test/steps_per_second":42.232,"_timestamp":1.7653325888725097e+09,"test/accuracy":0.8979591836734694,"total_flos":3.3845420356608e+13,"eval/loss":0.4657098054885864,"eval/accuracy":0.8904109589041096,"eval/recall":0.9387755102040817,"train/global_step":256,"test/recall":0.9489795918367347,"_step":5,"test/precision":0.9029126213592233,"test/runtime":0.2368,"eval/samples_per_second":566.125,"test/samples_per_second":620.815,"_runtime":24,"eval/precision":0.9019607843137255,"test/f1":0.9253731343283582,"_wandb":{"runtime":24},"eval/runtime":0.1289,"train_runtime":22.5371,"train_loss":0.2998720705509186,"test/loss":0.2550795078277588,"train_steps_per_second":11.359,"eval/steps_per_second":38.776,"eval/f1":0.92,"train/epoch":4}