{"train_steps_per_second":13.245,"train/learning_rate":5.078125000000001e-07,"_runtime":37,"eval/steps_per_second":38.99,"train/grad_norm":0.08472449332475662,"train_loss":0.24377647967776284,"eval/f1":0.9278350515463918,"total_flos":6.7690840713216e+13,"train_samples_per_second":105.752,"eval/precision":0.9375,"train/global_step":512,"test/steps_per_second":43.892,"_step":6,"test/accuracy":0.9455782312925171,"test/runtime":0.2278,"eval/runtime":0.1282,"_timestamp":1.765298484399785e+09,"test/precision":0.95,"eval/samples_per_second":569.258,"test/loss":0.22985339164733887,"train/epoch":4,"eval/accuracy":0.9041095890410958,"_wandb":{"runtime":37},"test/recall":0.9693877551020408,"test/f1":0.9595959595959596,"eval/recall":0.9183673469387755,"train_runtime":38.6564,"test/samples_per_second":645.21,"train/loss":0.2487,"eval/loss":0.5388495326042175}