{"_step":5,"train_loss":0.32417401671409607,"eval/recall":0.9387755102040817,"test/loss":0.28562918305397034,"eval/precision":0.92,"train/epoch":4,"_timestamp":1.765332547572418e+09,"test/steps_per_second":42.254,"test/accuracy":0.8979591836734694,"eval/f1":0.9292929292929293,"test/precision":0.8878504672897196,"_runtime":24,"eval/steps_per_second":37.032,"test/runtime":0.2367,"test/samples_per_second":621.131,"test/f1":0.926829268292683,"eval/accuracy":0.9041095890410958,"train_samples_per_second":90.93,"test/recall":0.9693877551020408,"train/global_step":256,"train_runtime":22.4788,"total_flos":3.3845420356608e+13,"eval/samples_per_second":540.662,"train_steps_per_second":11.388,"eval/loss":0.4240078330039978,"eval/runtime":0.135,"_wandb":{"runtime":24}}