{"test/precision":0.96875,"train/epoch":4,"test/accuracy":0.9455782312925171,"eval/precision":0.9782608695652174,"eval/loss":0.5730822086334229,"test/loss":0.3708559572696686,"total_flos":1.6922710178304e+14,"test/steps_per_second":41.087,"train_steps_per_second":15.042,"train/global_step":1280,"_step":7,"train_samples_per_second":120.104,"_timestamp":1.765333191822798e+09,"eval/runtime":0.1341,"_runtime":87,"eval/f1":0.9473684210526315,"test/recall":0.9489795918367347,"eval/samples_per_second":544.518,"train/learning_rate":4.390625000000001e-06,"test/samples_per_second":603.981,"eval/accuracy":0.9315068493150684,"test/f1":0.9587628865979382,"_wandb":{"runtime":87},"eval/recall":0.9183673469387755,"train_runtime":85.0928,"eval/steps_per_second":37.296,"train_loss":0.12125809043645859,"test/runtime":0.2434,"train/grad_norm":0.044333040714263916,"train/loss":0.0549}