{"eval/loss":0.543089747428894,"test/recall":0.9693877551020408,"_runtime":87,"eval/runtime":0.1345,"eval/recall":0.9387755102040817,"test/loss":0.32946014404296875,"eval/precision":0.9387755102040817,"train/loss":0.0628,"_wandb":{"runtime":87},"eval/samples_per_second":542.608,"train/learning_rate":4.390625000000001e-06,"total_flos":1.6922710178304e+14,"_step":7,"test/f1":0.9547738693467337,"train_samples_per_second":120.023,"train/grad_norm":0.05528274551033974,"test/accuracy":0.9387755102040817,"train_loss":0.13365693390369415,"eval/accuracy":0.9178082191780822,"test/samples_per_second":611.432,"test/precision":0.9405940594059405,"train_runtime":85.1502,"_timestamp":1.7653333986560671e+09,"eval/steps_per_second":37.165,"train/global_step":1280,"train_steps_per_second":15.032,"eval/f1":0.9387755102040817,"train/epoch":4,"test/steps_per_second":41.594,"test/runtime":0.2404}