{"eval/f1":0.92,"train/epoch":4,"_runtime":22,"eval/recall":0.9387755102040817,"eval/accuracy":0.8904109589041096,"eval/loss":0.4657098054885864,"eval/samples_per_second":640.467,"train_runtime":23.4205,"eval/runtime":0.114,"test/steps_per_second":43.624,"_step":5,"test/recall":0.9489795918367347,"test/runtime":0.2292,"train/global_step":256,"_wandb":{"runtime":22},"train_samples_per_second":87.274,"eval/steps_per_second":43.868,"test/samples_per_second":641.277,"eval/precision":0.9019607843137255,"test/accuracy":0.8979591836734694,"train_steps_per_second":10.931,"train_loss":0.2998720705509186,"_timestamp":1.765298258588552e+09,"total_flos":3.3845420356608e+13,"test/f1":0.9253731343283582,"test/precision":0.9029126213592233,"test/loss":0.2550795078277588}