{"_wandb":{"runtime":22},"test/precision":0.9207920792079208,"train/epoch":4,"_timestamp":1.7652975661382856e+09,"_runtime":22,"train/global_step":256,"_step":5,"train_runtime":54.1499,"eval/accuracy":0.9178082191780822,"eval/steps_per_second":39.243,"eval/f1":0.94,"train_samples_per_second":37.747,"test/accuracy":0.9115646258503401,"eval/precision":0.9215686274509803,"test/recall":0.9489795918367347,"test/samples_per_second":655.557,"eval/runtime":0.1274,"eval/samples_per_second":572.946,"test/loss":0.1987316608428955,"train_steps_per_second":4.728,"eval/loss":0.33800530433654785,"test/runtime":0.2242,"eval/recall":0.9591836734693877,"test/steps_per_second":44.596,"test/f1":0.9346733668341709,"train_loss":0.35801875591278076,"total_flos":3.3845420356608e+13}