{"train_loss":0.256513852160424,"eval/precision":0.9375,"train_samples_per_second":106.572,"test/f1":0.9693877551020408,"train/loss":0.2598,"train/grad_norm":0.07100698351860046,"_wandb":{"runtime":37},"_runtime":37,"eval/accuracy":0.9041095890410958,"total_flos":6.7690840713216e+13,"_timestamp":1.7652985403412695e+09,"eval/f1":0.9278350515463918,"eval/steps_per_second":37.969,"_step":6,"train/global_step":512,"test/steps_per_second":43.367,"test/runtime":0.2306,"test/samples_per_second":637.492,"eval/runtime":0.1317,"train_steps_per_second":13.348,"test/loss":0.1911054104566574,"train/learning_rate":5.078125000000001e-07,"eval/loss":0.4993267357349396,"test/accuracy":0.9591836734693877,"test/recall":0.9693877551020408,"eval/samples_per_second":554.342,"train_runtime":38.3589,"eval/recall":0.9183673469387755,"test/precision":0.9693877551020408,"train/epoch":4}