{"test/samples_per_second":641.828,"eval/precision":0.92,"_timestamp":1.7652976870374777e+09,"_runtime":22,"train/epoch":4,"eval/loss":0.4240078330039978,"train_runtime":23.3568,"test/precision":0.8878504672897196,"eval/steps_per_second":39.154,"test/steps_per_second":43.662,"eval/runtime":0.1277,"test/loss":0.28562918305397034,"train/global_step":256,"test/f1":0.926829268292683,"train_steps_per_second":10.96,"_wandb":{"runtime":22},"eval/recall":0.9387755102040817,"train_loss":0.32417401671409607,"eval/samples_per_second":571.65,"_step":5,"test/accuracy":0.8979591836734694,"test/recall":0.9693877551020408,"test/runtime":0.229,"train_samples_per_second":87.512,"eval/accuracy":0.9041095890410958,"eval/f1":0.9292929292929293,"total_flos":3.3845420356608e+13}