{"eval/accuracy":0.8904109589041096,"eval/recall":0.9183673469387755,"train_samples_per_second":106.706,"eval/samples_per_second":574.461,"test/loss":0.23951178789138794,"train/learning_rate":5.078125000000001e-07,"eval/f1":0.9183673469387755,"total_flos":6.7690840713216e+13,"test/runtime":0.2304,"train_loss":0.21108622569590807,"train/epoch":4,"_runtime":37,"train/loss":0.2115,"eval/loss":0.5188082456588745,"test/recall":0.9387755102040817,"eval/precision":0.9183673469387755,"train/global_step":512,"eval/runtime":0.1271,"test/samples_per_second":637.93,"train_runtime":38.3108,"_wandb":{"runtime":37},"train_steps_per_second":13.364,"train/grad_norm":0.03183571249246597,"_step":6,"test/f1":0.9583333333333334,"test/accuracy":0.9455782312925171,"test/precision":0.9787234042553191,"test/steps_per_second":43.397,"eval/steps_per_second":39.347,"_timestamp":1.765298371347e+09}