{"train/grad_norm":0.005546567030251026,"eval/loss":0.47895798087120056,"train_steps_per_second":15.007,"test/samples_per_second":629.905,"test/accuracy":0.9591836734693877,"_wandb":{"runtime":84},"test/loss":0.27808547019958496,"eval/steps_per_second":38.229,"eval/samples_per_second":558.138,"_runtime":84,"eval/runtime":0.1308,"train/global_step":1280,"test/runtime":0.2334,"train_samples_per_second":119.818,"eval/precision":0.9583333333333334,"train_loss":0.13288704492151737,"eval/f1":0.9484536082474226,"train/learning_rate":4.390625000000001e-06,"_timestamp":1.7652986433219056e+09,"eval/accuracy":0.9315068493150684,"total_flos":1.6922710178304e+14,"test/steps_per_second":42.851,"_step":7,"train/loss":0.0604,"test/precision":0.96,"eval/recall":0.9387755102040817,"test/f1":0.9696969696969697,"test/recall":0.9795918367346939,"train_runtime":85.2961,"train/epoch":4}