{"test/samples_per_second":620.936,"test/precision":0.9787234042553191,"_timestamp":1.765298315534753e+09,"test/recall":0.9387755102040817,"eval/precision":0.9574468085106383,"test/loss":0.26241546869277954,"train_steps_per_second":13.177,"train/learning_rate":5.078125000000001e-07,"train/global_step":512,"_step":6,"train_samples_per_second":105.209,"test/runtime":0.2367,"eval/f1":0.9375,"train/loss":0.2597,"test/accuracy":0.9455782312925171,"test/steps_per_second":42.241,"train_runtime":38.856,"eval/runtime":0.1311,"_wandb":{"runtime":38},"train_loss":0.25837338250130415,"total_flos":6.7690840713216e+13,"_runtime":38,"train/grad_norm":0.03742062300443649,"eval/samples_per_second":556.929,"test/f1":0.9583333333333334,"eval/loss":0.4417200982570648,"train/epoch":4,"eval/recall":0.9183673469387755,"eval/steps_per_second":38.146,"eval/accuracy":0.9178082191780822}