{"test/recall":0.9489795918367347,"test/steps_per_second":45.253,"test/loss":0.1987316608428955,"_wandb":{"runtime":24},"eval/samples_per_second":573.366,"train_steps_per_second":11.718,"test/runtime":0.221,"_step":5,"train_runtime":21.8474,"total_flos":3.3845420356608e+13,"eval/accuracy":0.9178082191780822,"train_samples_per_second":93.558,"test/samples_per_second":665.212,"eval/steps_per_second":39.272,"eval/precision":0.9215686274509803,"test/precision":0.9207920792079208,"eval/f1":0.94,"train/global_step":256,"_runtime":24,"eval/loss":0.33800530433654785,"train/epoch":4,"test/accuracy":0.9115646258503401,"test/f1":0.9346733668341709,"train_loss":0.35801875591278076,"eval/runtime":0.1273,"eval/recall":0.9591836734693877,"_timestamp":1.7653324271026523e+09}