{"train/global_step":256,"eval/recall":0.9387755102040817,"train_steps_per_second":10.867,"test/samples_per_second":651.237,"_runtime":22,"eval/samples_per_second":578.243,"test/loss":0.2550795078277588,"eval/steps_per_second":39.606,"test/accuracy":0.8979591836734694,"train_runtime":23.5584,"train_loss":0.2998720705509186,"eval/accuracy":0.8904109589041096,"_step":5,"test/runtime":0.2257,"_timestamp":1.7652977286008017e+09,"eval/loss":0.4657098054885864,"_wandb":{"runtime":22},"test/recall":0.9489795918367347,"eval/f1":0.92,"eval/precision":0.9019607843137255,"total_flos":3.3845420356608e+13,"test/f1":0.9253731343283582,"test/precision":0.9029126213592233,"train_samples_per_second":86.763,"test/steps_per_second":44.302,"eval/runtime":0.1262,"train/epoch":4}