{"test/loss":0.21727244555950165,"eval/samples_per_second":551.991,"eval/f1":0.9375,"eval/precision":0.9574468085106383,"eval/steps_per_second":37.808,"eval/accuracy":0.9178082191780822,"test/f1":0.9641025641025641,"test/steps_per_second":44.111,"train/loss":0.2425,"test/precision":0.9690721649484536,"eval/loss":0.4408719837665558,"eval/runtime":0.1322,"_timestamp":1.7652984282940147e+09,"train/learning_rate":5.078125000000001e-07,"train_runtime":38.8593,"test/recall":0.9591836734693877,"train/global_step":512,"_runtime":38,"train/epoch":4,"train_steps_per_second":13.176,"total_flos":6.7690840713216e+13,"test/accuracy":0.9523809523809523,"train_samples_per_second":105.2,"train_loss":0.23686155741961556,"test/samples_per_second":648.431,"train/grad_norm":1.736753225326538,"eval/recall":0.9183673469387755,"_wandb":{"runtime":38},"test/runtime":0.2267,"_step":6}