{"_step":5,"train/epoch":4,"eval/precision":0.9215686274509803,"_wandb":{"runtime":22},"test/samples_per_second":654.426,"train_steps_per_second":10.863,"test/recall":0.9489795918367347,"total_flos":3.3845420356608e+13,"eval/steps_per_second":40.765,"eval/loss":0.33800530433654785,"eval/accuracy":0.9178082191780822,"test/f1":0.9346733668341709,"test/steps_per_second":44.519,"_runtime":22,"test/runtime":0.2246,"train_runtime":23.5667,"train_samples_per_second":86.732,"test/loss":0.1987316608428955,"eval/samples_per_second":595.171,"eval/recall":0.9591836734693877,"train/global_step":256,"eval/runtime":0.1227,"test/accuracy":0.9115646258503401,"_timestamp":1.7652980953681166e+09,"train_loss":0.35801875591278076,"test/precision":0.9207920792079208,"eval/f1":0.94}