{"eval/recall":0.9387755102040817,"train_runtime":85.2889,"eval/f1":0.9484536082474226,"train/global_step":1280,"train/learning_rate":4.390625000000001e-06,"test/steps_per_second":41.951,"eval/steps_per_second":37.471,"eval/accuracy":0.9315068493150684,"test/runtime":0.2384,"total_flos":1.6922710178304e+14,"eval/precision":0.9583333333333334,"_runtime":88,"test/f1":0.9696969696969697,"_step":7,"eval/samples_per_second":547.07,"train_samples_per_second":119.828,"train_loss":0.13288704492151737,"eval/runtime":0.1334,"train/grad_norm":0.005546567030251026,"eval/loss":0.47895798087120056,"test/samples_per_second":616.679,"_wandb":{"runtime":88},"_timestamp":1.7653329852666738e+09,"train/loss":0.0604,"test/recall":0.9795918367346939,"train/epoch":4,"test/loss":0.27808547019958496,"test/precision":0.96,"test/accuracy":0.9591836734693877,"train_steps_per_second":15.008}