{"test/loss":0.23951178789138794,"eval/samples_per_second":504.441,"eval/loss":0.5188082456588745,"train_steps_per_second":13.334,"train/grad_norm":0.03183571249246597,"train/global_step":512,"eval/precision":0.9183673469387755,"_timestamp":1.7653327100524993e+09,"test/recall":0.9387755102040817,"test/accuracy":0.9455782312925171,"test/precision":0.9787234042553191,"test/runtime":0.2547,"eval/steps_per_second":34.551,"_step":6,"train/epoch":4,"eval/runtime":0.1447,"eval/recall":0.9183673469387755,"test/f1":0.9583333333333334,"total_flos":6.7690840713216e+13,"test/steps_per_second":39.268,"train/learning_rate":5.078125000000001e-07,"_runtime":40,"test/samples_per_second":577.245,"train_loss":0.21108622569590807,"train/loss":0.2115,"train_runtime":38.3972,"eval/f1":0.9183673469387755,"eval/accuracy":0.8904109589041096,"_wandb":{"runtime":40},"train_samples_per_second":106.466}