{"eval/recall":0.9387755102040817,"eval/steps_per_second":40.411,"train/epoch":4,"test/accuracy":0.8979591836734694,"eval/samples_per_second":589.996,"train/global_step":256,"train_samples_per_second":85.063,"eval/precision":0.92,"eval/accuracy":0.9041095890410958,"eval/runtime":0.1237,"_step":5,"train_runtime":24.0292,"train_loss":0.32417401671409607,"test/loss":0.28562918305397034,"_wandb":{"runtime":22},"test/steps_per_second":42.109,"test/recall":0.9693877551020408,"total_flos":3.3845420356608e+13,"_runtime":22,"eval/loss":0.4240078330039978,"test/samples_per_second":619.008,"train_steps_per_second":10.654,"test/precision":0.8878504672897196,"test/f1":0.926829268292683,"test/runtime":0.2375,"_timestamp":1.7652982178254395e+09,"eval/f1":0.9292929292929293}