{"test/f1":0.9346733668341709,"_step":5,"test/accuracy":0.9115646258503401,"_runtime":22,"train_runtime":23.2715,"eval/f1":0.92,"_timestamp":1.7652981764144833e+09,"test/steps_per_second":45.299,"train_loss":0.30692964792251587,"test/precision":0.9207920792079208,"eval/accuracy":0.8904109589041096,"eval/precision":0.9019607843137255,"eval/recall":0.9387755102040817,"train_steps_per_second":11.001,"eval/steps_per_second":39.932,"eval/loss":0.5407629013061523,"train/global_step":256,"train/epoch":4,"total_flos":3.3845420356608e+13,"test/loss":0.30005234479904175,"test/recall":0.9489795918367347,"test/samples_per_second":665.891,"test/runtime":0.2208,"train_samples_per_second":87.833,"_wandb":{"runtime":22},"eval/runtime":0.1252,"eval/samples_per_second":583.013}