{"test/accuracy":0.9387755102040817,"test/steps_per_second":45.442,"test/precision":0.9587628865979382,"eval/steps_per_second":39.004,"total_flos":3.3845420356608e+13,"test/loss":0.2430812567472458,"test/samples_per_second":668.003,"eval/samples_per_second":569.455,"test/f1":0.9538461538461539,"test/runtime":0.2201,"eval/precision":0.92,"_step":5,"_wandb":{"runtime":21},"train_runtime":22.7142,"_timestamp":1.765297606273601e+09,"train_loss":0.28870928287506104,"train_samples_per_second":89.988,"_runtime":21,"eval/runtime":0.1282,"test/recall":0.9489795918367347,"eval/f1":0.9292929292929293,"eval/accuracy":0.9041095890410958,"train_steps_per_second":11.27,"train/global_step":256,"eval/recall":0.9387755102040817,"train/epoch":4,"eval/loss":0.3941345512866974}