,mean,std
accuracy,0.9523809523809523,0.00962050042430672
precision,0.9597463629015962,0.01162928756746973
recall,0.9693877551020409,0.01249739664685292
f1,0.9644636900881304,0.007166111805295685
