{"train_loss":0.13010889142751694,"train/epoch":4,"test/accuracy":0.9591836734693877,"train/loss":0.0407,"eval/loss":0.4623403251171112,"eval/accuracy":0.9315068493150684,"test/samples_per_second":610.472,"_step":7,"train/global_step":1280,"test/steps_per_second":41.529,"train_steps_per_second":15.02,"eval/samples_per_second":544.909,"_wandb":{"runtime":87},"eval/runtime":0.134,"test/recall":0.9693877551020408,"_timestamp":1.7653330886930122e+09,"eval/f1":0.9473684210526315,"test/f1":0.9693877551020408,"_runtime":87,"eval/precision":0.9782608695652174,"test/precision":0.9693877551020408,"train_samples_per_second":119.927,"train_runtime":85.2187,"train/grad_norm":121.93498992919922,"train/learning_rate":4.390625000000001e-06,"test/loss":0.26258376240730286,"test/runtime":0.2408,"eval/recall":0.9183673469387755,"eval/steps_per_second":37.323,"total_flos":1.6922710178304e+14}