{"train_steps_per_second":11.087,"train_loss":0.28870928287506104,"test/loss":0.2430812567472458,"test/runtime":0.2271,"test/recall":0.9489795918367347,"eval/loss":0.3941345512866974,"train_samples_per_second":88.522,"test/samples_per_second":647.219,"eval/precision":0.92,"_step":5,"test/f1":0.9538461538461539,"eval/accuracy":0.9041095890410958,"eval/runtime":0.1238,"_wandb":{"runtime":22},"_runtime":22,"eval/steps_per_second":40.385,"_timestamp":1.7652981359628284e+09,"total_flos":3.3845420356608e+13,"train_runtime":23.0903,"test/steps_per_second":44.028,"eval/samples_per_second":589.623,"eval/f1":0.9292929292929293,"test/precision":0.9587628865979382,"eval/recall":0.9387755102040817,"train/epoch":4,"test/accuracy":0.9387755102040817,"train/global_step":256}