{"train_samples_per_second":118.03,"test/accuracy":0.9455782312925171,"_step":7,"eval/recall":0.9183673469387755,"test/precision":0.96875,"test/loss":0.3708559572696686,"train/learning_rate":4.390625000000001e-06,"train_runtime":86.5882,"test/recall":0.9489795918367347,"train/epoch":4,"train/grad_norm":0.044333040714263916,"train/loss":0.0549,"_timestamp":1.7652988516022322e+09,"eval/f1":0.9473684210526315,"_wandb":{"runtime":85},"total_flos":1.6922710178304e+14,"train/global_step":1280,"test/runtime":0.2272,"train_loss":0.12125809043645859,"eval/loss":0.5730822086334229,"eval/runtime":0.1354,"eval/samples_per_second":539.241,"_runtime":85,"train_steps_per_second":14.783,"eval/accuracy":0.9315068493150684,"eval/steps_per_second":36.934,"test/samples_per_second":647.063,"eval/precision":0.9782608695652174,"test/f1":0.9587628865979382,"test/steps_per_second":44.018}