,mean,std
accuracy,0.9496598639455783,0.006084538714285093
precision,0.9691813457122265,0.011726895487371613
recall,0.9551020408163264,0.015475256008268429
f1,0.9619505890934462,0.00478685160668878
