{"eval/steps_per_second":38.083,"train/loss":0.0628,"test/steps_per_second":41.408,"test/f1":0.9547738693467337,"train_steps_per_second":14.856,"train/learning_rate":4.390625000000001e-06,"_step":7,"eval/loss":0.543089747428894,"eval/samples_per_second":556.01,"train_samples_per_second":118.62,"test/runtime":0.2415,"train/grad_norm":0.05528274551033974,"_runtime":85,"eval/precision":0.9387755102040817,"train_runtime":86.1577,"test/precision":0.9405940594059405,"eval/f1":0.9387755102040817,"eval/runtime":0.1313,"test/samples_per_second":608.705,"eval/accuracy":0.9178082191780822,"eval/recall":0.9387755102040817,"test/accuracy":0.9387755102040817,"train/global_step":1280,"train/epoch":4,"test/loss":0.32946014404296875,"total_flos":1.6922710178304e+14,"_wandb":{"runtime":85},"test/recall":0.9693877551020408,"train_loss":0.13365693390369415,"_timestamp":1.7652990595492735e+09}