{"_timestamp":1.7653325071020162e+09,"eval/recall":0.9387755102040817,"test/f1":0.9346733668341709,"train/global_step":256,"eval/f1":0.92,"_runtime":24,"eval/runtime":0.1346,"train_samples_per_second":92.953,"total_flos":3.3845420356608e+13,"test/samples_per_second":636.454,"eval/accuracy":0.8904109589041096,"_wandb":{"runtime":24},"test/accuracy":0.9115646258503401,"eval/precision":0.9019607843137255,"train_steps_per_second":11.642,"test/steps_per_second":43.296,"train_runtime":21.9897,"test/runtime":0.231,"_step":5,"test/recall":0.9489795918367347,"train/epoch":4,"train_loss":0.30692964792251587,"test/loss":0.30005234479904175,"eval/loss":0.5407629013061523,"eval/steps_per_second":37.146,"eval/samples_per_second":542.326,"test/precision":0.9207920792079208}