{"test/samples_per_second":592.29,"test/recall":0.9693877551020408,"_runtime":40,"eval/recall":0.9183673469387755,"eval/f1":0.9278350515463918,"train/global_step":512,"train/loss":0.2598,"eval/precision":0.9375,"train_samples_per_second":106.918,"test/loss":0.1911054104566574,"test/accuracy":0.9591836734693877,"test/runtime":0.2482,"eval/loss":0.4993267357349396,"train/epoch":4,"eval/samples_per_second":508.235,"train_steps_per_second":13.391,"test/f1":0.9693877551020408,"eval/accuracy":0.9041095890410958,"_step":6,"test/precision":0.9693877551020408,"train_runtime":38.2349,"total_flos":6.7690840713216e+13,"train/learning_rate":5.078125000000001e-07,"_wandb":{"runtime":40},"train/grad_norm":0.07100698351860046,"test/steps_per_second":40.292,"eval/steps_per_second":34.811,"_timestamp":1.7653328807709596e+09,"eval/runtime":0.1436,"train_loss":0.256513852160424}