{"train/loss":0.2487,"eval/loss":0.5388495326042175,"train/global_step":512,"eval/precision":0.9375,"test/runtime":0.252,"test/precision":0.95,"train_steps_per_second":13.282,"eval/f1":0.9278350515463918,"_runtime":40,"train/epoch":4,"test/recall":0.9693877551020408,"test/accuracy":0.9455782312925171,"train_runtime":38.5498,"train/learning_rate":5.078125000000001e-07,"eval/runtime":0.1445,"train_loss":0.24377647967776284,"test/steps_per_second":39.678,"_wandb":{"runtime":40},"eval/recall":0.9183673469387755,"train/grad_norm":0.08472449332475662,"test/loss":0.22985339164733887,"test/samples_per_second":583.269,"eval/steps_per_second":34.596,"train_samples_per_second":106.045,"test/f1":0.9595959595959596,"eval/accuracy":0.9041095890410958,"eval/samples_per_second":505.102,"_step":6,"_timestamp":1.765332824286486e+09,"total_flos":6.7690840713216e+13}