{"eval/f1":0.9375,"train_samples_per_second":107.762,"eval/samples_per_second":510.1,"test/steps_per_second":39.45,"eval/steps_per_second":34.938,"eval/accuracy":0.9178082191780822,"eval/runtime":0.1431,"test/loss":0.26241546869277954,"eval/precision":0.9574468085106383,"_step":6,"train/grad_norm":0.03742062300443649,"train/epoch":4,"train_runtime":37.9354,"test/runtime":0.2535,"eval/loss":0.4417200982570648,"test/accuracy":0.9455782312925171,"train/global_step":512,"_runtime":40,"eval/recall":0.9183673469387755,"test/f1":0.9583333333333334,"test/samples_per_second":579.918,"train/learning_rate":5.078125000000001e-07,"_wandb":{"runtime":40},"train_loss":0.25837338250130415,"train_steps_per_second":13.497,"test/recall":0.9387755102040817,"_timestamp":1.7653326535081944e+09,"test/precision":0.9787234042553191,"train/loss":0.2597,"total_flos":6.7690840713216e+13}